Date,Total_Margin_Balance_krw_millions,KOSPI_Margin_Balance_krw_millions,KOSDAQ_Margin_Balance_krw_millions
20260715,34370184,27135448,7234735
20260714,34707755,27452720,7255034
20260713,34788619,27447168,7341451
20260710,35573983,28019642,7554341
20260709,36633641,28837405,7796236
20260708,37199867,29239165,7960702
20260707,37065396,29074973,7990423
20260706,37660002,29561210,8098792
20260703,37792211,29677370,8114841
20260702,37718683,29634401,8084282
20260701,37339343,29338829,8000514
20260630,37328228,29234568,8093660
20260629,37807006,29425399,8381608
20260626,37761576,29329632,8431944
20260625,38048381,29389386,8658995
20260624,38632824,29754263,8878561
20260623,38093622,29133243,8960378
20260622,38531191,29470718,9060472
20260619,38478688,29397728,9080960
20260618,37979688,28927467,9052221
20260617,37800525,28843289,8957236
20260616,37385632,28531116,8854516
20260615,37076954,28296079,8780874
20260612,36879281,28110836,8768446
20260611,36656474,27874378,8782096
20260610,36773649,27807841,8965807
20260609,37929018,28573169,9355849
20260608,37790396,28326450,9463946
20260605,37838377,28273482,9564895
20260604,37737597,28031687,9705910
20260602,37709128,27924185,9784943
20260601,37681169,27845647,9835522
20260529,38022681,28024472,9998209
20260528,37068718,27184083,9884635
20260527,36690036,26833716,9856320
20260526,36254787,26399276,9855511
20260522,36355524,26419905,9935618
20260521,36472380,26364442,10107938
20260520,36237024,26003624,10233400
20260519,35856070,25523374,10332696
20260518,36396655,25899488,10497167
20260515,36567516,25987572,10579943
20260514,36469784,25826781,10643004
20260513,36074005,25313547,10760457
20260512,36267738,25403831,10863907
20260511,35998500,25046079,10952421
20260508,35950018,24942683,11007335
20260507,35507187,24553059,10954128
20260506,35429768,24500853,10928915
20260504,35838919,24816912,11022007
20260430,35713079,24683557,11029522
20260429,36068250,25017693,11050556
20260428,35689655,24811639,10878016
20260427,35537755,24652710,10885045
20260424,35463009,24579345,10883664
20260423,35079918,24243090,10836828
20260422,34810689,24058499,10752190
20260421,34694635,23994978,10699657
20260420,34259238,23625640,10633598
20260417,34027932,23509583,10518349
20260416,33872266,23425867,10446400
20260415,33356678,23096979,10259698
20260414,33282445,23040602,10241844
20260413,33216818,22986628,10230189
20260410,32901431,22750606,10150824
20260409,32720017,22636117,10083900
20260408,32730005,22573506,10156499
20260407,32657681,22468639,10189042
20260406,32845902,22643583,10202318
20260403,32443983,22278863,10165120
20260402,32725506,22506384,10219122
20260401,32981021,22609406,10371616
20260331,32922615,22559682,10362934
20260330,32601763,22284736,10317027
20260327,32784474,22456119,10328355
20260326,32752416,22447926,10304490
20260325,33028524,22634659,10393864
20260324,33421855,22845615,10576239
20260323,33348618,22725036,10623582
20260320,33255008,22616375,10638633
20260319,33307626,22691397,10616230
20260318,33487589,22846034,10641555
20260317,33331617,22706498,10625120
20260316,33219147,22620778,10598370
20260313,32683362,22185649,10497713
20260312,32141942,21821252,10320690
20260311,31758385,21609005,10149380
20260310,31803317,21631564,10171753
20260309,31690508,21562347,10128161
20260306,32789896,22348354,10441542
20260305,33694521,22815279,10879241
20260304,33197791,22231204,10966587
20260303,32804073,21778077,11025996
20260227,32668983,21672790,10996193
20260226,32368488,21496796,10871692
20260225,32134040,21399130,10734910
20260224,31960208,21279520,10680687
20260223,31712325,21121450,10590875
20260220,31638448,20977105,10661343
20260219,31593229,20944448,10648781
20260213,31476674,20942212,10534462
20260212,31466410,20960376,10506034
20260211,31318010,20918416,10399594
20260210,31560720,21185393,10375327
20260209,31607698,21182942,10424756
20260206,31099495,20668013,10431482
20260205,30786792,20466799,10319994
20260204,30935180,20623891,10311289
20260203,30539766,20268065,10271701
20260202,30473064,20098211,10374853
20260130,30277851,19854894,10422957
20260129,30092487,19592259,10500228
20260128,29596166,19151033,10445133
20260127,29244996,18784747,10460249
20260126,29346682,18862856,10483826
20260123,29055410,18599163,10456247
20260122,28925745,18452386,10473358
20260121,29082114,18509121,10572993
20260120,29058554,18551999,10506554
20260119,28995014,18472188,10522826
20260116,28933786,18447408,10486379
20260115,28745580,18290635,10454945
20260114,28599293,18198979,10400314
20260113,28657441,18266333,10391107
20260112,28522408,18116833,10405575
20260109,28349745,17941133,10408612
20260108,28190294,17864561,10325733
20260107,27870759,17593221,10277538
20260106,27796261,17590138,10206123
20260105,27622356,17419695,10202661
20260102,27420700,17235406,10185294
20251231,27286469,17126099,10160370
20251230,27299548,17136086,10163462
20251229,27294510,17167807,10126703
20251226,27247572,17131457,10116116
20251224,27270110,17197544,10072566
20251223,27265131,17231418,10033713
20251222,27243930,17207819,10036111
20251219,27266021,17213669,10052352
20251218,27344532,17264651,10079881
20251217,27528779,17389027,10139752
20251216,27337687,17271577,10066110
20251215,27418784,17353166,10065618
20251212,27379592,17340889,10038703
20251211,27391215,17389363,10001852
20251210,27406497,17451839,9954659
20251209,27333487,17414901,9918586
20251208,27355467,17432956,9922511
20251205,27076309,17184317,9891992
20251204,26895874,17094623,9801251
20251203,26831012,17114607,9716405
20251202,26799037,17163357,9635680
20251201,26582351,16941967,9640385
20251128,26445065,16853654,9591410
20251127,26444082,16855553,9588529
20251126,26492119,16861010,9631109
20251125,26666986,16989274,9677712
20251124,26761702,17034147,9727555
20251121,26761247,17028465,9732782
20251120,26847120,17058191,9788929
20251119,26835841,17015793,9820048
20251118,26796568,16946970,9849598
20251117,26602943,16743159,9859785
20251114,26403331,16631690,9771641
20251113,26251500,16481350,9770150
20251112,26009766,16255034,9754732
20251111,25991776,16225900,9765876
20251110,26119765,16291077,9828688
20251107,26216547,16346519,9870028
20251106,25878152,16093351,9784801
20251105,25822465,16062683,9759782
20251104,25511751,15797236,9714514
20251103,25461864,15781983,9679880
20251031,25526891,15817250,9709640
20251030,25272595,15605150,9667445
20251029,25096806,15460011,9636795
20251028,24823045,15206652,9616393
20251027,24776660,15186978,9589681
20251024,24651838,15083364,9568474
20251023,24419952,14890560,9529392
20251022,24241954,14766954,9475000
20251021,23926313,14491256,9435056
20251020,24055155,14604406,9450749
20251017,23879969,14479035,9400933
20251016,23775822,14415042,9360779
20251015,23828839,14483809,9345029
20251014,23558561,14243392,9315170
20251013,23267748,14003454,9264294
20251010,23243706,13985986,9257721
20251002,23341255,14078990,9262265
20251001,23345839,14121818,9224021
20250930,23492840,14244693,9248147
20250929,23463228,14164543,9298686
20250926,23537790,14223322,9314468
20250925,23519906,14226035,9293871
20250924,23364313,14151139,9213174
20250923,23286691,14134036,9152655
20250922,23160995,14046911,9114083
20250919,23036952,13959176,9077777
20250918,22881480,13841904,9039576
20250917,22779657,13800184,8979473
20250916,22527934,13648284,8879650
20250915,22501290,13643602,8857688
20250912,22407225,13620011,8787213
20250911,22436243,13678776,8757467
20250910,22380974,13671464,8709510
20250909,22342404,13678072,8664332
20250908,22253675,13619560,8634115
20250905,22220955,13623224,8597731
20250904,22151248,13578947,8572301
20250903,22185984,13609001,8576984
20250902,22260275,13649154,8611122
20250901,22222669,13617025,8605644
20250829,22155070,13570237,8584833
20250828,22071192,13505217,8565975
20250827,21887288,13347855,8539433
20250826,21850072,13318556,8531516
20250825,21940022,13406947,8533076
20250822,21939038,13403698,8535340
20250821,22150954,13552476,8598477
20250820,22287340,13635068,8652272
20250819,22085156,13512563,8572593
20250818,22238800,13599863,8638937
20250814,22211235,13616811,8594424
20250813,22203145,13623810,8579335
20250812,22189194,13639210,8549984
20250811,22036242,13528166,8508077
20250808,21787908,13351229,8436679
20250807,21575253,13174212,8401041
20250806,21500301,13139218,8361083
20250805,21651178,13261987,8389191
20250804,21780212,13299641,8480571
20250801,21769976,13273097,8496879
20250731,21791845,13292465,8499381
20250730,21858078,13353527,8504551
20250729,21788326,13298339,8489987
20250728,21783598,13292496,8491102
20250725,21830926,13344173,8486752
20250724,21827783,13354413,8473370
20250723,21724910,13274363,8450547
20250722,21727258,13302983,8424275
20250721,21755412,13339937,8415474
20250718,21747933,13372123,8375809
20250717,21588086,13277329,8310757
20250716,21471790,13206751,8265039
20250715,21400892,13171409,8229484
20250714,21335168,13114660,8220508
20250711,21266974,13088846,8178128
20250710,21015000,12871177,8143822
20250709,20860067,12731010,8129057
20250708,20828141,12678451,8149690
20250707,20798770,12679792,8118978
20250704,20807425,12699280,8108145
20250703,20779661,12671212,8108449
20250702,20879543,12779641,8099902
20250701,20879816,12760534,8119282
20250630,20786831,12656094,8130737
20250627,20683061,12523813,8159248
20250626,20535166,12412998,8122168
20250625,20572623,12420269,8152354
20250624,20139329,12049286,8090043
20250623,20096580,12022555,8074025
20250620,19819766,11801082,8018685
20250619,19608433,11588069,8020364
20250618,19560301,11534234,8026067
20250617,19385645,11371795,8013850
20250616,19211834,11253046,7958788
20250613,18988848,11119042,7869806
20250612,18850001,11003767,7846233
20250611,18724192,10946786,7777406
20250610,18516888,10778179,7738709
20250609,18533053,10820009,7713043
20250605,18553009,10840298,7712711
20250604,18514411,10792422,7721989
20250602,18346307,10657652,7688655
20250530,18273909,10613462,7660447
20250529,18341038,10667364,7673673
20250528,18163966,10538853,7625113
20250527,18175374,10548986,7626388
20250526,18146008,10525098,7620909
20250523,17997714,10393950,7603765
20250522,17976527,10383768,7592759
20250521,17973528,10349223,7624305
20250520,17943890,10320861,7623029
20250519,17921741,10314544,7607196
20250516,17780241,10236751,7543490
20250515,17805327,10275507,7529819
20250514,17729978,10224374,7505604
20250513,17787241,10289814,7497427
20250512,17662560,10247522,7415038
20250509,17527903,10146178,7381725
20250508,17515303,10156702,7358601
20250507,17615566,10226886,7388679
20250502,17532962,10161121,7371841
20250430,17557971,10160895,7397076
20250429,17522377,10154141,7368236
20250428,17511981,10179417,7332565
20250425,17392718,10077141,7315577
20250424,17428186,10128336,7299850
20250423,17274295,10020770,7253525
20250422,17173562,9971957,7201605
20250421,17074966,9930822,7144144
20250418,17019019,9887019,7132000
20250417,16898742,9835763,7062979
20250416,16784156,9802423,6981734
20250415,16576036,9681165,6894871
20250414,16304549,9484851,6819697
20250411,16446368,9625170,6821197
20250410,16546680,9658973,6887707
20250409,16790753,9793716,6997037
20250408,16961627,9841672,7119956
20250407,16957730,9807787,7149943
20250404,17040431,9834305,7206125
20250403,16972050,9785909,7186141
20250402,17110247,9856385,7253862
20250401,17379043,9976634,7402408
20250331,17593874,10082573,7511301
20250328,17695083,10131656,7563427
20250327,17842252,10217637,7624615
20250326,17952563,10278840,7673723
20250325,17962715,10267447,7695268
20250324,18152379,10366091,7786289
20250321,18285672,10451212,7834460
20250320,18284161,10480543,7803618
20250319,18215689,10456380,7759309
20250318,18198104,10509310,7688794
20250317,18160400,10464216,7696183
20250314,18099015,10453373,7645642
20250313,18146713,10506329,7640383
20250312,18172788,10506064,7666724
20250311,18144678,10463440,7681238
20250310,18241209,10504529,7736680
20250307,18206048,10512298,7693750
20250306,18196932,10512408,7684523
20250305,18353700,10563162,7790538
20250304,18304523,10453130,7851394
20250228,18233130,10380302,7852828
20250227,18192707,10385323,7807384
20250226,18083895,10311218,7772676
20250225,17945977,10219147,7726829
20250224,17888934,10165093,7723842
20250221,17811023,10113861,7697162
20250220,17791501,10155673,7635829
20250219,17603974,10047493,7556481
20250218,17503973,9997489,7506484
20250217,17364181,9910257,7453924
20250214,17332547,9917520,7415027
20250213,17213172,9848546,7364626
20250212,17128833,9829573,7299260
20250211,16996929,9787129,7209800
20250210,16840047,9697606,7142441
20250207,16764741,9679071,7085670
20250206,16707656,9698274,7009382
20250205,16805748,9777558,7028190
20250204,16903481,9812658,7090823
20250203,16760700,9698159,7062541
20250131,16839177,9749706,7089470
20250124,16684449,9616470,7067979
20250123,16750402,9692008,7058394
20250122,16680980,9671522,7009458
20250121,16576883,9612611,6964273
20250120,16459176,9535325,6923851
20250117,16505549,9574819,6930729
20250116,16493331,9573337,6919994
20250115,16421466,9512084,6909382
20250114,16319765,9416909,6902855
20250113,16185153,9334350,6850803
20250110,16103352,9283924,6819428
20250109,16023716,9246064,6777652
20250108,15875647,9180615,6695032
20250107,15722877,9127923,6594953
20250106,15702169,9158732,6543437
20250103,15573950,9086402,6487547
20250102,15682329,9157739,6524590
20241231,15817022,9233106,6583917
20241230,15824314,9238235,6586079
20241227,15819370,9253167,6566203
20241226,15732552,9228137,6504414
20241224,15865397,9325924,6539473
20241223,15926811,9329189,6597622
20241220,15818225,9227051,6591174
20241219,15867032,9291728,6575304
20241218,15690283,9166716,6523567
20241217,15480560,9041286,6439274
20241216,15361608,8983725,6377883
20241213,15249382,8967905,6281477
20241212,15163222,8921701,6241520
20241211,15310680,9000395,6310285
20241210,15746728,9239432,6507297
20241209,16040171,9423523,6616648
20241206,16204590,9506188,6698402
20241205,16313586,9565426,6748160
20241204,16385514,9625400,6760113
20241203,16565842,9738377,6827466
20241202,16581881,9725177,6856705
20241129,16587727,9743782,6843944
20241128,16589271,9764255,6825016
20241127,16500905,9711306,6789599
20241126,16495171,9715400,6779771
20241125,16633643,9805588,6828055
20241122,16678188,9816658,6861530
20241121,16692591,9823928,6868663
20241120,16692178,9845131,6847047
20241119,16712993,9887960,6825033
20241118,16946947,10021349,6925598
20241115,17249731,10190440,7059291
20241114,17576936,10351813,7225123
20241113,17871630,10502856,7368774
20241112,17899937,10499533,7400404
20241111,17935741,10515347,7420394
20241108,17971966,10548028,7423939
20241107,17963496,10568985,7394511
20241106,17840541,10486959,7353582
20241105,17881627,10497396,7384231
20241104,17943777,10546983,7396795
20241101,17935008,10509148,7425860
20241031,17886113,10478109,7408005
20241030,17832614,10449268,7383346
20241029,17886967,10481702,7405265
20241028,18000306,10530566,7469740
20241025,17958135,10490205,7467930
20241024,18093672,10562656,7531016
20241023,18152847,10586623,7566225
20241022,18227524,10642171,7585353
20241021,18215705,10624148,7591557
20241018,18162793,10576830,7585963
20241017,18057297,10491693,7565604
20241016,18017027,10488200,7528828
20241015,18019624,10507832,7511792
20241014,17999735,10479644,7520091
20241011,17950233,10484563,7465670
20241010,17787412,10370181,7417232
20241008,17730717,10339243,7391475
20241007,17765620,10361229,7404391
20241004,17703702,10279610,7424092
20241002,17583190,10169343,7413847
20240930,17464263,10101865,7362398
20240927,17550909,10183873,7367036
20240926,17491414,10133853,7357561
20240925,17439419,10094978,7344440
20240924,17330564,9997053,7333511
20240923,17282466,9979018,7303448
20240920,17103393,9841643,7261750
20240919,16992656,9770667,7221989
20240913,17042079,9808992,7233088
20240912,17034197,9773779,7260418
20240911,17016904,9782112,7234792
20240910,17105992,9801651,7304341
20240909,17357529,9943070,7414459
20240906,17675817,10116071,7559746
20240905,17890520,10178758,7711762
20240904,17891078,10179148,7711930
20240903,17828904,10134935,7693970
20240902,17878472,10166367,7712105
20240830,17855724,10139560,7716164
20240829,17844082,10126243,7717839
20240828,17820941,10095306,7725635
20240827,17790650,10068238,7722412
20240826,17804677,10084715,7719963
20240823,17818128,10096515,7721613
20240822,17716526,10045704,7670821
20240821,17654784,10010932,7643853
20240820,17571016,9950018,7620998
20240819,17605085,10030903,7574182
20240816,17613037,10051397,7561640
20240814,17551171,10006838,7544332
20240813,17478790,10012553,7466237
20240812,17366025,9943760,7422265
20240809,17204040,9839165,7364875
20240808,17126813,9813218,7313596
20240807,17719139,10116450,7602689
20240806,19055440,10745268,8310172
20240805,19294137,10812363,8481774
20240802,19422564,10870001,8552564
20240801,19516041,10925073,8590968
20240731,19428713,10826888,8601825
20240730,19457643,10846476,8611167
20240729,19590527,10918837,8671690
20240726,19792960,11030490,8762470
20240725,19804528,11022948,8781580
20240724,19917334,11075626,8841709
20240723,19965332,11091282,8874049
20240722,19958316,11056948,8901369
20240719,20098282,11099074,8999208
20240718,20163966,11106118,9057848
20240717,20203110,11125226,9077884
20240716,20157093,11069393,9087701
20240715,20200025,11064220,9135805
20240712,20163858,11055121,9108736
20240711,20055688,10994786,9060902
20240710,19935211,10967543,8967668
20240709,19885491,10931735,8953756
20240708,19889991,10969405,8920586
20240705,19874382,10954159,8920223
20240704,19968252,11003019,8965233
20240703,20025886,11007690,9018196
20240702,20021932,11009493,9012438
20240701,20077586,11046291,9031295
20240628,20107741,11064074,9043667
20240627,20089121,11053685,9035436
20240626,20178992,11101734,9077259
20240625,20231298,11105081,9126217
20240624,20247734,11111781,9135954
20240621,20188101,11046556,9141545
20240620,20209741,11051668,9158072
20240619,20243090,11058552,9184538
20240618,20198364,10986349,9212015
20240617,20171795,10948667,9223128
20240614,20083102,10924036,9159066
20240613,20121669,10939477,9182192
20240612,19990034,10877842,9112192
20240611,19775049,10699329,9075720
20240610,19724265,10668505,9055760
20240607,19728918,10656916,9072002
20240605,19662939,10589749,9073190
20240604,19684773,10633754,9051019
20240603,19746554,10653324,9093230
20240531,19817480,10670227,9147253
20240530,19756774,10608235,9148539
20240529,19633248,10540901,9092347
20240528,19619806,10507427,9112379
20240527,19593535,10445804,9147731
20240524,19530732,10391391,9139340
20240523,19491761,10347705,9144056
20240522,19442795,10286985,9155810
20240521,19478176,10296188,9181988
20240520,19444928,10231286,9213642
20240517,19399888,10253141,9146748
20240516,19406293,10254138,9152155
20240514,19386789,10244983,9141806
20240513,19418258,10297237,9121021
20240510,19268463,10208121,9060342
20240509,19190416,10186599,9003817
20240508,19269959,10301211,8968748
20240507,19271388,10324552,8946836
20240503,19201028,10296308,8904720
20240502,19153451,10305449,8848003
20240430,19173006,10346808,8826198
20240429,19187592,10377359,8810233
20240426,19060984,10277111,8783873
20240425,19065329,10291737,8773592
20240424,18991231,10237663,8753568
20240423,19036068,10267509,8768559
20240422,19032581,10239254,8793328
20240419,19062449,10283943,8778506
20240418,19181558,10350406,8831152
20240417,19410242,10464353,8945889
20240416,19348467,10396984,8951482
20240415,19282630,10358305,8924325
20240412,19317418,10367052,8950366
20240411,19363965,10370917,8993048
20240409,19457129,10452946,9004184
20240408,19463495,10431156,9032339
20240405,19482640,10462241,9020399
20240404,19515242,10439907,9075335
20240403,19531879,10425939,9105940
20240402,19532702,10429393,9103309
20240401,19532217,10432136,9100081
20240329,19477200,10366689,9110512
20240328,19479918,10382037,9097881
20240327,19458439,10399671,9058767
20240326,19378607,10339877,9038730
20240325,19348400,10352055,8996345
20240322,19483688,10494591,8989097
20240321,19516178,10515794,9000385
20240320,19379677,10434940,8944737
20240319,19299581,10379816,8919765
20240318,19214441,10270574,8943867
20240315,19155442,10243711,8911730
20240314,19025319,10171337,8853982
20240313,18936461,10121469,8814991
20240312,18838651,10074296,8764354
20240311,18926750,10154791,8771960
20240308,18845107,10120651,8724456
20240307,18726028,10031302,8694726
20240306,18559406,9918967,8640438
20240305,18545794,9923483,8622311
20240304,18473874,9863323,8610552
20240229,18526205,9880182,8646023
20240228,18612731,9934044,8678687
20240227,18598943,9946358,8652585
20240226,18536989,9911448,8625541
20240223,18433885,9859338,8574547
20240222,18376631,9847676,8528955
20240221,18286013,9805727,8480287
20240220,18194737,9759904,8434833
20240219,18130150,9769668,8360482
20240216,17949055,9667839,8281216
20240215,17781038,9568702,8212336
20240214,17752337,9606068,8146269
20240213,17772175,9632045,8140129
20240208,17815317,9672012,8143305
20240207,17826104,9680465,8145639
20240206,17559426,9451409,8108017
20240205,17617352,9509309,8108042
20240202,17689970,9485200,8204770
20240201,17736319,9490531,8245788
20240131,17809048,9516584,8292464
20240130,17810901,9515642,8295259
20240129,17873778,9565054,8308725
20240126,17938095,9470308,8467787
20240125,17861814,9443374,8418440
20240124,17902835,9503905,8398930
20240123,17960100,9561393,8398708
20240122,18077715,9661683,8416032
20240119,18213057,9723063,8489994
20240118,18313827,9761124,8552703
20240117,18312194,9720228,8591965
20240116,18381436,9745068,8636368
20240115,18348086,9719650,8628436
20240112,18267949,9629335,8638615
20240111,18131910,9445734,8686176
20240110,18091620,9423920,8667700
20240109,18004831,9375560,8629270
20240108,17934888,9321932,8612956
20240105,17810007,9217408,8592599
20240104,17563677,9025416,8538261
20240103,17444859,8909730,8535129
20240102,17537053,9020034,8517019
20231229,17558435,9016558,8541877
20231228,17566961,8969894,8597067
20231227,17626142,9041967,8584175
20231226,17626497,9046744,8579754
20231222,17537875,9002578,8535297
20231221,17521731,9043745,8477985
20231220,17429356,8998888,8430468
20231219,17285259,8888516,8396743
20231218,17331076,8952652,8378424
20231215,17464651,9062811,8401840
20231214,17458224,9065184,8393039
20231213,17438579,9071530,8367048
20231212,17353956,8999820,8354136
20231211,17421574,9049168,8372406
20231208,17378403,9031602,8346801
20231207,17335839,8995017,8340823
20231206,17364222,8976905,8387317
20231205,17381164,9013998,8367166
20231204,17273794,8947115,8326680
20231201,17266144,8953049,8313094
20231130,17207523,8911389,8296134
20231129,17217895,8930779,8287116
20231128,17204508,8941956,8262552
20231127,17137230,8899107,8238123
20231124,17085931,8877668,8208263
20231123,17032884,8858682,8174202
20231122,16982502,8874898,8107603
20231121,17015909,8895576,8120334
20231120,16913181,8849621,8063560
20231117,16825264,8806404,8018860
20231116,16867920,8890639,7977281
20231115,16948521,8946334,8002188
20231114,17044270,8978347,8065923
20231113,17106930,9005893,8101037
20231110,17117318,9014289,8103029
20231109,17094532,8998629,8095903
20231108,16750663,8806006,7944657
20231107,16603948,8750454,7853494
20231106,16576692,8763558,7813134
20231103,16624782,8790986,7833796
20231102,16799902,8888666,7911237
20231101,16877675,8929140,7948535
20231031,16970414,8976975,7993439
20231030,17183887,9087995,8095891
20231027,17484300,9250731,8233569
20231026,17479130,9254713,8224417
20231025,17617064,9308824,8308239
20231024,17823435,9413233,8410201
20231023,18226806,9615347,8611458
20231020,18460509,9718004,8742505
20231019,18517531,9764796,8752735
20231018,18561836,9791627,8770209
20231017,18607893,9795973,8811921
20231016,18508093,9729069,8779024
20231013,18464129,9714863,8749266
20231012,18546147,9759554,8786593
20231011,18716588,9878016,8838572
20231010,18810618,9910343,8900275
20231006,19175026,10092430,9082596
20231005,19322028,10156354,9165674
20231004,19453398,10217396,9236002
20230927,19702877,10322852,9380025
20230926,19913980,10436170,9477810
20230925,20120189,10519976,9600214
20230922,20210011,10503263,9706748
20230921,20230780,10495867,9734913
20230920,20198869,10452108,9746760
20230919,20139073,10383534,9755539
20230918,20181167,10452782,9728386
20230915,20278567,10515873,9762695
20230914,20417607,10595419,9822188
20230913,20459389,10601211,9858178
20230912,20416156,10567249,9848907
20230911,20444508,10569202,9875306
20230908,20491168,10596658,9894510
20230907,20430875,10555263,9875612
20230906,20384683,10545990,9838693
20230905,20388406,10595126,9793280
20230904,20337756,10577140,9760616
20230901,20265424,10546307,9719118
20230831,20226086,10531635,9694451
20230830,20178181,10504636,9673545
20230829,20174253,10496903,9677350
20230828,20123962,10457938,9666024
20230825,20140439,10482502,9657937
20230824,20019711,10431940,9587771
20230823,20124629,10481408,9643221
20230822,20188361,10477857,9710504
20230821,20265086,10514828,9750258
20230818,20438892,10592414,9846478
20230817,20557264,10647240,9910024
20230816,20504084,10607898,9896186
20230814,20469697,10595048,9874649
20230811,20343690,10511246,9832444
20230810,20373838,10506458,9867380
20230809,20373295,10479513,9893783
20230808,20432262,10528278,9903984
20230807,20344813,10464015,9880798
20230804,20318813,10383133,9935680
20230803,20193259,10315893,9877365
20230802,20000061,10249203,9750858
20230801,19786504,10126380,9660123
20230731,19738339,10059280,9679059
20230728,19967344,10117925,9849419
20230727,20170517,10082565,10087952
20230726,20117885,9978581,10139304
20230725,20059696,9919761,10139935
20230724,19940894,9884673,10056221
20230721,19857521,9853081,10004440
20230720,19733250,9794294,9938956
20230719,19621415,9698846,9922569
20230718,19451634,9579024,9872610
20230717,19365741,9559973,9805768
20230714,19360057,9580642,9779415
20230713,19276995,9552958,9724037
20230712,19351337,9600544,9750793
20230711,19387078,9589046,9798032
20230710,19393297,9545991,9847306
20230707,19427985,9524185,9903800
20230706,19333392,9467251,9866141
20230705,19261451,9426130,9835321
20230704,19284002,9464822,9819180
20230703,19335782,9483962,9851820
20230630,19400232,9507951,9892281
20230629,19455179,9526753,9928426
20230628,19436254,9529394,9906861
20230627,19475562,9536266,9939296
20230626,19462914,9500828,9962085
20230623,19484994,9504295,9980699
20230622,19428951,9465881,9963070
20230621,19327416,9375280,9952136
20230620,19190636,9265020,9925616
20230619,19160378,9197013,9963365
20230616,19149533,9187876,9961657
20230615,19136966,9183295,9953671
20230614,19070426,9142445,9927981
20230613,18935574,9048314,9887259
20230612,18910465,9052530,9857935
20230609,18800482,8993373,9807109
20230608,18746827,8985364,9761463
20230607,18685133,8967657,9717476
20230605,18687223,8995558,9691665
20230602,18623839,8940872,9682966
20230601,18596084,8909944,9686140
20230531,18631509,8926546,9704963
20230530,18662327,8948976,9713351
20230526,18592380,8889735,9702645
20230525,18499953,8835678,9664276
20230524,18447742,8828771,9618971
20230523,18429102,8843883,9585219
20230522,18472420,8887717,9584703
20230519,18427169,8893582,9533586
20230518,18438460,8898401,9540060
20230517,18386122,8865172,9520950
20230516,18528968,8925938,9603030
20230515,18564019,8931012,9633007
20230512,18644875,8957925,9686950
20230511,18657429,8949370,9708059
20230510,18727392,8978403,9748989
20230509,18852582,9068691,9783891
20230508,18853337,9044909,9808428
20230504,18794323,9005845,9788478
20230503,18914913,9059730,9855183
20230502,19136392,9212010,9924382
20230428,19457779,9458494,9999285
20230427,19778649,9572931,10205718
20230426,20085663,9698326,10387337
20230425,20240821,9766372,10474449
20230424,20431902,9868829,10563073
20230421,20401766,9863224,10538542
20230420,20286314,9824549,10461765
20230419,20136930,9743372,10393558
20230418,19907010,9572938,10334072
20230417,19794145,9521196,10272949
20230414,19742505,9515459,10227046
20230413,19593348,9451069,10142279
20230412,19595143,9444699,10150444
20230411,19434606,9423459,10011146
20230410,19394554,9418106,9976448
20230407,19219393,9289426,9929967
20230406,19048679,9220316,9828363
20230405,18977994,9184193,9793800
20230404,18775466,9056425,9719041
20230403,18769081,9096849,9672232
20230331,18694062,9074207,9619855
20230330,18583772,9073018,9510755
20230329,18548983,9096747,9452237
20230328,18408545,9065458,9343088
20230327,18274079,9031788,9242290
20230324,18220352,9039890,9180462
20230323,18175106,9050676,9124430
20230322,18069027,9000306,9068720
20230321,17947307,8986430,8960877
20230320,17966348,9006268,8960080
20230317,17823975,8952402,8871573
20230316,17934572,9015526,8919046
20230315,18094700,9092063,9002637
20230314,18263407,9164644,9098763
20230313,18347660,9193778,9153882
20230310,18338677,9207576,9131101
20230309,18126053,9060893,9065160
20230308,17999914,8978232,9021683
20230307,17889930,8981893,8908037
20230306,17862774,8964255,8898519
20230303,17787710,8965707,8822003
20230302,17812457,9002552,8809905
20230228,17761244,8959082,8802162
20230227,17712291,8947940,8764351
20230224,17716154,8972045,8744108
20230223,17540081,8868323,8671758
20230222,17418153,8840472,8577681
20230221,17362177,8800511,8561666
20230220,17222068,8742770,8479297
20230217,17316884,8798839,8518045
20230216,17142333,8689457,8452877
20230215,17189102,8732042,8457060
20230214,17120952,8692633,8428319
20230213,16969041,8615561,8353480
20230210,16792153,8544226,8247927
20230209,16715548,8537952,8177596
20230208,16625379,8472581,8152798
20230207,16452740,8359178,8093562
20230206,16426136,8390875,8035261
20230203,16361368,8369013,7992355
20230202,16348403,8351784,7996619
20230201,16253586,8286862,7966724
20230131,16094408,8176539,7917870
20230130,16099786,8231160,7868626
20230127,16091337,8259842,7831495
20230126,16118704,8279852,7838851
20230125,16135544,8319966,7815578
20230120,16138275,8331672,7806603
20230119,16089327,8304533,7784794
20230118,16018218,8279019,7739199
20230117,15988999,8283035,7705964
20230116,15982012,8317573,7664439
20230113,15892806,8277407,7615399
20230112,15898255,8279231,7619025
20230111,15810249,8273092,7537157
20230110,15911221,8407498,7503723
20230109,15944623,8447158,7497465
20230106,15888251,8445969,7442282
20230105,15930721,8495597,7435125
20230104,16120145,8584731,7535413
20230103,16363193,8703528,7659665
20230102,16531124,8774253,7756871
20221230,16518648,8757709,7760939
20221229,16528598,8763315,7765283
20221228,16707097,8876504,7830592
20221227,16875777,8962157,7913620
20221226,16965981,9026292,7939689
20221223,17075345,9106802,7968543
20221222,17131497,9122316,8009181
20221221,17210218,9169467,8040751
20221220,17200640,9164215,8036426
20221219,17235131,9193897,8041234
20221216,17145631,9131520,8014110
20221215,17190258,9161363,8028895
20221214,17186985,9151121,8035864
20221213,17177454,9140402,8037052
20221212,17313237,9245175,8068062
20221209,17335296,9238147,8097148
20221208,17362742,9244127,8118615
20221207,17346495,9231439,8115056
20221206,17298472,9173793,8124679
20221205,17137011,9062708,8074303
20221202,17114273,9039166,8075108
20221201,17095973,9057199,8038775
20221130,17134051,9093792,8040259
20221129,17085870,9057001,8028869
20221128,17044250,9047163,7997087
20221125,17023766,9030135,7993630
20221124,17024872,9009073,8015800
20221123,17007738,8989091,8018647
20221122,17008772,8995049,8013723
20221121,17011185,9010571,8000614
20221118,16879353,8935195,7944158
20221117,16704597,8838738,7865859
20221116,16577275,8713267,7864008
20221115,16420768,8646214,7774554
20221114,16484209,8696304,7787906
20221111,16341819,8637646,7704172
20221110,16308811,8671595,7637215
20221109,16353345,8728105,7625240
20221108,16334254,8720638,7613616
20221107,16290081,8727634,7562447
20221104,16158220,8622471,7535749
20221103,16115114,8618106,7497008
20221102,16111596,8594966,7516630
20221101,16104147,8585938,7518209
20221031,16075686,8570354,7505331
20221028,16156230,8640754,7515477
20221027,16155635,8657578,7498057
20221026,16142800,8661569,7481231
20221025,16225053,8688015,7537038
20221024,16257659,8706308,7551351
20221021,16171616,8654491,7517125
20221020,16117418,8628378,7489040
20221019,16022454,8606583,7415871
20221018,15962165,8576074,7386091
20221017,16044694,8621074,7423620
20221014,16270374,8728822,7541552
20221013,16437449,8813814,7623635
20221012,16628151,8907220,7720931
20221011,16630623,8927146,7703477
20221007,16690982,8973900,7717082
20221006,16564059,8915468,7648591
20221005,16613701,8931636,7682065
20221004,16848300,9058777,7789523
20220930,17164768,9217312,7947456
20220929,17461184,9364631,8096553
20220928,17909552,9562389,8347163
20220927,18592848,9898062,8694786
20220926,18776731,9988302,8788430
20220923,18892818,10027870,8864948
20220922,18913448,10032824,8880624
20220921,19046770,10099575,8947195
20220920,19258952,10200022,9058930
20220919,19295046,10220472,9074574
20220916,19188604,10163561,9025044
20220915,19077042,10109761,8967281
20220914,19202948,10223910,8979038
20220913,19272864,10259069,9013796
20220908,19262269,10230224,9032045
20220907,19294761,10226910,9067851
20220906,19458229,10314065,9144163
20220905,19504650,10319173,9185477
20220902,19428052,10236617,9191435
20220901,19387812,10229925,9157887
20220831,19346495,10175386,9171109
20220830,19397498,10156323,9241175
20220829,19338100,10146126,9191974
20220826,19300069,10103301,9196768
20220825,19305036,10088105,9216931
20220824,19418527,10119872,9298655
20220823,19531315,10168837,9362479
20220822,19544968,10185282,9359686
20220819,19458848,10128782,9330065
20220818,19415177,10119500,9295678
20220817,19376373,10108248,9268125
20220816,19306626,10079844,9226782
20220812,19326657,10090990,9235667
20220811,19210997,10037079,9173918
20220810,19093064,9985971,9107093
20220809,18967829,9938398,9029431
20220808,18946270,9963151,8983119
20220805,18836376,9907623,8928753
20220804,18839029,9928956,8910072
20220803,18717412,9880985,8836427
20220802,18643116,9844416,8798700
20220801,18629993,9852750,8777244
20220729,18561878,9817129,8744749
20220728,18462659,9747928,8714731
20220727,18381463,9704297,8677166
20220726,18368908,9720848,8648060
20220725,18272101,9665624,8606478
20220722,18242032,9684155,8557877
20220721,18146994,9653611,8493383
20220720,18011795,9593521,8418275
20220719,18005320,9626556,8378764
20220718,17919285,9608793,8310492
20220715,17849439,9586449,8262990
20220714,17864833,9613411,8251422
20220713,17818888,9616086,8202802
20220712,17710299,9567337,8142962
20220711,17650486,9549614,8100872
20220708,17647338,9580983,8066355
20220707,17494596,9472652,8021945
20220706,17585926,9522216,8063710
20220705,17763610,9621088,8142522
20220704,17938978,9705861,8233116
20220701,17989175,9716934,8272241
20220630,17868304,9628880,8239424
20220629,17752911,9573056,8179855
20220628,17715553,9573192,8142361
20220627,18044310,9716626,8327684
20220624,18891898,10140864,8751034
20220623,19216099,10313420,8902679
20220622,19530818,10454875,9075943
20220621,19854560,10607865,9246695
20220620,20030041,10702065,9327976
20220617,20357337,10857224,9500113
20220616,20686265,11025062,9661203
20220615,21144204,11241869,9902334
20220614,21608580,11473743,10134837
20220613,21619749,11443889,10175860
20220610,21639268,11447891,10191377
20220609,21713490,11486635,10226855
20220608,21643371,11407057,10236314
20220607,21711107,11473724,10237384
20220603,21575125,11368465,10206660
20220602,21531304,11372768,10158536
20220531,21564642,11428017,10136624
20220530,21624695,11514613,10110082
20220527,21607210,11508680,10098530
20220526,21665154,11545951,10119203
20220525,21665118,11547537,10117581
20220524,21587710,11540996,10046714
20220523,21645776,11612718,10033058
20220520,21625820,11601277,10024544
20220519,21553691,11589087,9964604
20220518,21516951,11573160,9943791
20220517,21490694,11573312,9917383
20220516,21678767,11691337,9987430
20220513,21841090,11789749,10051341
20220512,21824778,11748172,10076605
20220511,22028053,11826079,10201974
20220510,22267353,11920922,10346431
20220509,22336606,11936163,10400443
20220506,22299126,11922670,10376456
20220504,22262456,11897800,10364656
20220503,22182399,11842385,10340014
20220502,22205399,11861981,10343417
20220429,22261673,11885863,10375810
20220428,22296373,11890269,10406105
20220427,22336199,11899416,10436784
20220426,22460483,11946382,10514101
20220425,22375257,11880530,10494727
20220422,22397774,11921590,10476184
20220421,22330790,11888089,10442701
20220420,22346500,11882687,10463813
20220419,22362495,11883173,10479322
20220418,22289037,11822313,10466724
20220415,22206741,11784786,10421955
20220414,22234523,11833922,10400602
20220413,22299814,11839882,10459932
20220412,22281005,11836172,10444833
20220411,22336306,11850293,10486013
20220408,22329923,11832408,10497515
20220407,22258795,11791381,10467413
20220406,22187053,11742571,10444482
20220405,22158391,11737710,10420681
20220404,22045489,11664937,10380552
20220401,22019164,11684528,10334636
20220331,22042773,11726009,10316764
20220330,22069590,11737201,10332389
20220329,21983613,11719038,10264574
20220328,21880133,11649296,10230837
20220325,21741598,11545062,10196536
20220324,21679863,11533463,10146400
20220323,21656751,11533950,10122801
20220322,21530209,11448115,10082094
20220321,21433493,11404150,10029343
20220318,21479837,11474401,10005436
20220317,21475271,11480182,9995090
20220316,21547021,11519665,10027356
20220315,21427883,11464926,9962956
20220314,21308276,11373904,9934372
20220311,21389889,11427829,9962060
20220310,21454023,11459121,9994902
20220308,21387164,11351841,10035324
20220307,21105441,11184605,9920836
20220304,20990852,11152215,9838638
20220303,20835203,11046603,9788600
20220302,20813376,11032679,9780697
20220228,20896955,11079456,9817499
20220225,20954940,11082929,9872011
20220224,20885110,11031413,9853697
20220223,20893038,11006491,9886548
20220222,20793075,10949855,9843220
20220221,20725079,10903614,9821465
20220218,20741207,10965814,9775393
20220217,20809249,11006546,9802704
20220216,21126391,11154822,9971570
20220215,21434887,11289407,10145479
20220214,21591794,11350318,10241476
20220211,21547518,11342377,10205141
20220210,21502782,11332070,10170711
20220209,21470552,11344767,10125785
20220208,21217966,11200992,10016974
20220207,21043823,11108241,9935582
20220204,21039007,11113785,9925222
20220203,21338454,11264984,10073470
20220128,21672907,11402456,10270452
20220127,22004783,11564647,10440136
20220126,22523668,11806290,10717378
20220125,22798985,11964333,10834652
20220124,22914746,12034229,10880517
20220121,22947376,12020913,10926463
20220120,23171662,12140197,11031465
20220119,23431541,12258738,11172803
20220118,23569248,12303746,11265502
20220117,23563629,12241326,11322303
20220114,23483136,12218831,11264305
20220113,23501679,12267449,11234230
20220112,23650966,12340602,11310364
20220111,23518198,12257587,11260611
20220110,23533304,12281537,11251766
20220107,23810574,12400119,11410454
20220106,23714954,12319329,11395625
20220105,23509968,12194716,11315251
20220104,23419619,12175889,11243731
20220103,23328429,12127414,11201015
20211231,23088636,12050221,11038416
20211230,23097232,12055232,11042000
20211229,23148833,12125530,11023303
20211228,23093351,12111776,10981575
20211227,23132544,12158952,10973593
20211224,23168552,12185136,10983416
20211223,23186091,12219912,10966179
20211222,23235946,12257653,10978292
20211221,23209709,12197981,11011728
20211220,23267297,12238146,11029151
20211217,23218882,12236225,10982656
20211216,23152454,12187843,10964611
20211215,23117514,12144011,10973503
20211214,23085989,12161409,10924580
20211213,22909187,12100935,10808252
20211210,22846417,12118299,10728119
20211209,22802418,12132685,10669733
20211208,22706533,12068215,10638318
20211207,22551210,11991179,10560031
20211206,22494713,11956541,10538172
20211203,22549889,11997217,10552672
20211202,22747343,12117083,10630260
20211201,23123702,12348004,10775698
20211130,23452952,12575931,10877020
20211129,23660985,12687009,10973976
20211126,23587909,12660924,10926985
20211125,23483054,12608148,10874906
20211124,23573751,12623095,10950656
20211123,23697880,12704234,10993646
20211122,23727238,12730088,10997150
20211119,23669913,12724451,10945462
20211118,23593283,12699121,10894162
20211117,23498514,12666175,10832339
20211116,23449150,12651316,10797834
20211115,23520807,12736559,10784248
20211112,23645909,12804123,10841786
20211111,23785205,12885260,10899945
20211110,23857455,12946243,10911212
20211109,23845711,12930255,10915456
20211108,23887522,12916502,10971020
20211105,24029192,12985283,11043908
20211104,23895532,12893610,11001922
20211103,23912168,12962094,10950074
20211102,24017293,13057278,10960014
20211101,24027491,13042899,10984592
20211029,24031375,13039442,10991932
20211028,23901726,12951747,10949979
20211027,23866013,12955707,10910306
20211026,23807091,12923772,10883320
20211025,23814096,12934199,10879897
20211022,23792347,12945036,10847310
20211021,23694826,12923943,10770883
20211020,23586306,12897770,10688535
20211019,23400028,12778896,10621132
20211018,23228797,12718277,10510520
20211015,23068727,12625333,10443393
20211014,23053869,12614451,10439417
20211013,22897012,12488309,10408703
20211012,22806895,12460712,10346184
20211008,23035479,12587651,10447828
20211007,23642581,12915060,10727522
20211006,24104167,13145765,10958402
20211005,24480696,13344231,11136466
20211001,24583790,13414966,11168824
20210930,24839347,13521609,11317737
20210929,24985917,13577708,11408208
20210928,25047389,13621950,11425439
20210927,25148681,13683739,11464942
20210924,25283980,13753441,11530539
20210923,25353582,13773643,11579939
20210917,25385292,13778377,11606915
20210916,25456203,13814222,11641981
20210915,25528134,13882859,11645275
20210914,25590363,13927495,11662867
20210913,25654021,13978781,11675240
20210910,25574883,13868919,11705964
20210909,25575066,13873906,11701160
20210908,25417204,13766007,11651197
20210907,25360955,13746922,11614033
20210906,25310527,13748305,11562222
20210903,25140378,13631146,11509232
20210902,25022853,13578649,11444204
20210901,25035680,13632462,11403219
20210831,24920586,13560413,11360173
20210830,24821640,13516394,11305245
20210827,24676283,13436649,11239635
20210826,24457367,13366287,11091080
20210825,24454159,13414752,11039407
20210824,24578003,13475901,11102102
20210823,25067634,13748793,11318841
20210820,25195666,13822522,11373144
20210819,25365647,13915041,11450606
20210818,25611163,14068634,11542530
20210817,25471210,13936664,11534547
20210813,25095596,13703405,11392191
20210812,24955770,13600731,11355040
20210811,24892165,13562405,11329759
20210810,24659764,13443268,11216496
20210809,24438735,13325915,11112820
20210806,24162399,13170546,10991853
20210805,24215780,13245133,10970647
20210804,24281884,13300789,10981095
20210803,24368595,13370940,10997655
20210802,24446487,13403042,11043444
20210730,24453486,13410691,11042795
20210729,24548178,13469764,11078414
20210728,24596804,13516577,11080227
20210727,24600173,13518061,11082112
20210726,24584625,13525453,11059171
20210723,24648295,13571776,11076519
20210722,24620008,13583437,11036571
20210721,24718434,13640762,11077672
20210720,24730390,13632058,11098332
20210719,24771342,13663649,11107693
20210716,24670163,13618679,11051484
20210715,24535029,13527985,11007044
20210714,24476658,13534076,10942582
20210713,24482559,13549162,10933397
20210712,24536954,13554418,10982536
20210709,24614273,13624727,10989545
20210708,24597762,13605252,10992510
20210707,24584072,13634584,10949488
20210706,24533546,13605224,10928322
20210705,24445239,13538474,10906765
20210702,24302284,13450893,10851391
20210701,24181595,13386091,10795504
20210630,23831339,13168313,10663026
20210629,23777511,13137142,10640369
20210628,23849446,13226876,10622570
20210625,23789142,13188829,10600314
20210624,23733047,13167450,10565596
20210623,23692760,13162460,10530300
20210622,23719033,13181294,10537739
20210621,23644811,13115305,10529506
20210618,23601994,13081850,10520144
20210617,23546482,13038845,10507637
20210616,23494332,13034842,10459490
20210615,23498832,13030765,10468066
20210614,23499310,13060479,10438831
20210611,23563962,13089462,10474501
20210610,23660630,13171082,10489549
20210609,23747298,13220231,10527067
20210608,23665623,13172943,10492680
20210607,23575951,13118422,10457529
20210604,23451900,13050848,10401052
20210603,23281532,12923240,10358292
20210602,23308023,12971625,10336399
20210601,23200434,12900456,10299978
20210531,23174810,12908115,10266695
20210528,23119818,12889597,10230221
20210527,22986929,12817972,10168957
20210526,22921540,12780780,10140760
20210525,23108295,12890759,10217536
20210524,23189845,12946222,10243622
20210521,23152896,12909392,10243503
20210520,23228305,12960927,10267378
20210518,23191411,12926744,10264667
20210517,23261661,12967069,10294591
20210514,23362263,13010439,10351825
20210513,23420100,13005600,10414500
20210512,23071504,12735925,10335580
20210511,22922181,12648770,10273411
20210510,22781825,12549600,10232226
20210507,22611400,12434073,10177326
20210506,22818405,12542924,10275481
20210504,23054668,12681636,10373032
20210503,23207071,12766155,10440916
20210430,23374796,12877528,10497268
20210429,23545395,12968919,10576477
20210428,23450995,12895357,10555638
20210427,23374934,12834898,10540037
20210426,23375883,12839405,10536478
20210423,23376887,12839500,10537387
20210422,23199424,12690322,10509103
20210421,23090501,12669844,10420657
20210420,22904590,12564616,10339974
20210419,22541610,12330652,10210958
20210416,22455611,12308495,10147117
20210415,22421043,12300722,10120321
20210414,22384179,12303063,10081116
20210413,22278534,12252524,10026010
20210412,22235845,12239000,9996845
20210409,22156032,12186582,9969450
20210408,22164531,12200606,9963926
20210407,22206980,12252867,9954113
20210406,22163483,12235520,9927963
20210405,22194386,12285581,9908805
20210402,22259753,12333632,9926121
20210401,22200167,12282020,9918147
20210331,22235476,12309180,9926295
20210330,22222592,12301340,9921252
20210329,22238838,12325627,9913211
20210326,22160828,12295133,9865695
20210325,22093377,12243516,9849860
20210324,22116807,12260283,9856524
20210323,21978891,12183423,9795468
20210322,21793730,12022670,9771060
20210319,21658610,11958213,9700397
20210318,21331119,11725055,9606064
20210317,21242772,11679650,9563121
20210316,21130800,11601101,9529698
20210315,21141826,11619610,9522216
20210312,21229942,11683996,9545945
20210311,21347571,11775990,9571581
20210310,21318531,11691975,9626557
20210309,21444634,11755693,9688941
20210308,21469679,11750194,9719485
20210305,21322788,11621989,9700799
20210304,21302443,11629327,9673116
20210303,21383550,11675755,9707795
20210302,21270051,11501752,9768299
20210226,21179639,11438232,9741407
20210225,21724162,11772797,9951365
20210224,21948783,11873145,10075638
20210223,22152314,11984983,10167330
20210222,22216174,12014999,10201175
20210219,22223258,12017421,10205837
20210218,21902600,11765052,10137548
20210217,21822035,11727185,10094849
20210216,21704333,11657095,10047238
20210215,21662791,11626814,10035977
20210210,21635413,11612796,10022617
20210209,21631413,11598320,10033093
20210208,21583304,11603990,9979314
20210205,20985698,11137555,9848142
20210204,20262871,10636204,9626667
20210203,20152598,10579583,9573015
20210202,19989535,10422508,9567027
20210201,20596405,10769771,9826634
20210129,21013879,10995791,10018088
20210128,21244438,11142352,10102087
20210127,21376968,11205593,10171375
20210126,21574401,11343477,10230924
20210125,21633107,11369969,10263138
20210122,21445981,11271326,10174655
20210121,21079439,10977889,10101550
20210120,21030412,10938733,10091679
20210119,21263717,11039067,10224651
20210118,21346534,11061810,10284724
20210115,21296255,11033406,10262850
20210114,21282624,11009321,10273304
20210113,20980012,10755824,10224188
20210112,20787198,10546554,10240644
20210111,20511099,10370667,10140432
20210108,20322133,10275702,10046430
20210107,20122262,10131926,9990336
20210106,19955656,10038805,9916851
20210105,19624196,9819434,9804762
20210104,19352288,9704993,9647295
20201231,19221357,9612222,9609135
20201230,19229664,9616509,9613155
20201229,19212869,9633490,9579379
20201228,19340097,9718782,9621314
20201224,19453603,9766850,9686754
20201223,19403857,9778989,9624869
20201222,19432606,9819962,9612645
20201221,19392421,9790535,9601886
20201218,19423798,9821231,9602567
20201217,19323325,9779870,9543455
20201216,19246932,9761707,9485224
20201215,19124125,9669194,9454931
20201214,19004198,9614375,9389823
20201211,18848687,9500987,9347700
20201210,18703568,9443662,9259906
20201209,18633020,9425706,9207314
20201208,18530688,9354462,9176226
20201207,18573426,9412038,9161387
20201204,18509988,9384700,9125288
20201203,18382247,9341345,9040902
20201202,18275039,9303999,8971040
20201201,18027477,9144550,8882926
20201130,17940139,9072684,8867455
20201127,17868832,8996285,8872548
20201126,17805936,8961411,8844525
20201125,17799285,8947463,8851821
20201124,17673843,8894901,8778942
20201123,17597514,8840327,8757187
20201120,17382266,8742485,8639782
20201119,17388376,8729590,8658786
20201118,17374217,8716094,8658123
20201117,17244112,8598677,8645435
20201116,17241281,8588365,8652916
20201113,17173259,8520563,8652696
20201112,17197501,8558568,8638933
20201111,16968506,8403434,8565072
20201110,16852798,8331880,8520918
20201109,16679074,8294722,8384352
20201106,16679975,8342160,8337815
20201105,16552389,8261745,8290644
20201104,16528662,8263877,8264785
20201103,16610095,8316579,8293516
20201102,16560446,8304168,8256278
20201030,16429418,8196845,8232573
20201029,16416295,8169019,8247276
20201028,16593264,8213740,8379524
20201027,16802834,8280291,8522544
20201026,16860047,8285910,8574137
20201023,16893825,8290387,8603437
20201022,16827580,8250315,8577265
20201021,16941214,8301852,8639362
20201020,17082727,8384223,8698504
20201019,17242556,8465206,8777350
20201016,17377687,8534413,8843274
20201015,17324552,8524655,8799897
20201014,17210599,8497169,8713430
20201013,17068390,8438455,8629935
20201012,16883772,8345772,8538000
20201008,16695026,8252884,8442142
20201007,16604514,8218684,8385830
20201006,16504366,8173863,8330503
20201005,16393484,8127818,8265666
20200929,16350517,8130867,8219651
20200928,16647762,8278141,8369621
20200925,17062500,8495000,8567499
20200924,17246673,8593285,8653388
20200923,17366059,8635684,8730375
20200922,17656834,8800586,8856248
20200921,17685994,8809995,8875999
20200918,17819113,8864810,8954303
20200917,17902311,8911459,8990852
20200916,17758971,8843568,8915404
20200915,17568429,8765831,8802597
20200914,17447700,8739381,8708319
20200911,17337903,8698199,8639704
20200910,17212114,8618706,8593407
20200909,17064588,8540578,8524010
20200908,16920201,8470106,8450096
20200907,16954815,8441476,8513339
20200904,16807937,8339386,8468550
20200903,16681901,8272257,8409643
20200902,16555494,8196804,8358690
20200901,16272830,7965359,8307471
20200831,16215052,7905165,8309888
20200828,16129883,7886560,8243323
20200827,15878468,7770529,8107939
20200826,15705646,7686737,8018909
20200825,15639371,7641320,7998051
20200824,15726699,7712160,8014540
20200821,15766837,7710580,8056257
20200820,15794864,7685747,8109117
20200819,16032402,7852596,8179806
20200818,16032616,7774092,8258524
20200814,15900133,7674329,8225803
20200813,15794045,7602319,8191726
20200812,15628748,7504874,8123874
20200811,15380515,7339907,8040608
20200810,15172725,7211608,7961116
20200807,15053761,7160223,7893537
20200806,14814683,7010331,7804352
20200805,14667003,6917019,7749984
20200804,14544653,6841859,7702794
20200803,14420830,6789876,7630955
20200731,14325916,6771467,7554449
20200730,14211958,6735070,7476889
20200729,14057681,6697553,7360128
20200728,13953742,6685312,7268430
20200727,14030241,6726623,7303618
20200724,14049616,6742179,7307437
20200723,13862346,6656111,7206235
20200722,13767873,6595837,7172036
20200721,13669002,6529115,7139887
20200720,13568102,6470721,7097380
20200717,13535803,6454866,7080937
20200716,13516970,6454911,7062059
20200715,13416155,6400605,7015551
20200714,13299590,6375530,6924060
20200713,13201365,6316662,6884703
20200710,13092258,6244345,6847913
20200709,12982025,6181832,6800194
20200708,12857427,6145781,6711647
20200707,12703556,6073997,6629559
20200706,12622960,6055296,6567663
20200703,12637552,6075167,6562385
20200702,12670466,6101548,6568918
20200701,12647151,6085328,6561823
20200630,12660430,6076065,6584365
20200629,12662372,6108030,6554343
20200626,12545180,6022139,6523041
20200625,12435670,5973351,6462319
20200624,12329436,5907243,6422194
20200623,12198340,5839087,6359253
20200622,12096181,5792974,6303207
20200619,11966742,5728395,6238347
20200618,11770096,5609864,6160232
20200617,11838634,5621144,6217490
20200616,12026250,5665639,6360611
20200615,12059783,5629068,6430715
20200612,11862769,5488142,6374628
20200611,11790940,5462319,6328622
20200610,11647126,5359046,6288080
20200609,11510879,5274149,6236731
20200608,11377741,5214633,6163109
20200605,11316308,5204555,6111754
20200604,11203225,5195804,6007421
20200603,11046726,5143636,5903090
20200602,10938529,5132557,5805973
20200601,10931475,5097836,5833640
20200529,10927629,5098097,5829532
20200528,10807273,5049512,5757761
20200527,10666167,5006717,5659450
20200526,10586867,4988712,5598155
20200525,10464548,4938915,5525633
20200522,10306919,4876718,5430201
20200521,10224752,4856053,5368699
20200520,10211538,4907866,5303672
20200519,10141020,4885114,5255906
20200518,10078261,4844962,5233299
20200515,9953379,4778023,5175356
20200514,9866508,4741597,5124911
20200513,9718147,4662897,5055251
20200512,9554894,4601329,4953565
20200511,9495912,4600257,4895655
20200508,9401611,4563522,4838089
20200507,9293246,4530159,4763087
20200506,9148258,4401936,4746322
20200504,9138226,4433182,4705044
20200429,9043411,4404068,4639343
20200428,8981254,4392990,4588264
20200427,8896308,4355786,4540522
20200424,8798606,4332268,4466338
20200423,8658274,4253828,4404446
20200422,8522089,4179004,4343086
20200421,8367401,4127843,4239559
20200420,8254649,4071625,4183024
20200417,8107056,3972464,4134592
20200416,8079877,3955720,4124157
20200414,7997588,3898863,4098724
20200413,7880698,3829387,4051311
20200410,7705349,3733604,3971745
20200409,7527286,3639332,3887954
20200408,7359432,3623878,3735554
20200407,7260190,3583672,3676517
20200406,7155893,3558211,3597681
20200403,7032108,3498367,3533741
20200402,6878091,3394622,3483469
20200401,6688864,3267548,3421316
20200331,6578263,3177419,3400844
20200330,6525697,3162910,3362787
20200327,6440447,3075317,3365130
20200326,6436078,3087901,3348177
20200325,6407513,3094150,3313363
20200324,6447040,3109784,3337256
20200323,6767275,3261445,3505831
20200320,7524496,3611615,3912881
20200319,7828321,3765934,4062386
20200318,8141754,3861952,4279802
20200317,8542175,4004707,4537468
20200316,9419006,4335190,5083816
20200313,9862825,4515814,5347011
20200312,10026043,4562258,5463785
20200311,10134516,4551238,5583278
20200310,10187397,4564823,5622574
20200309,10106442,4535825,5570617
20200306,10024660,4520719,5503941
20200305,9996896,4503827,5493070
20200304,9941075,4490105,5450970
20200303,10010245,4476958,5533288
20200302,10278525,4577856,5700670
20200228,10372604,4638838,5733766
20200227,10296179,4584084,5712095
20200226,10350972,4558505,5792466
20200225,10486371,4596876,5889495
20200224,10543567,4628986,5914581
20200221,10516321,4630141,5886180
20200220,10514123,4646824,5867299
20200219,10462694,4609629,5853064
20200218,10405212,4573679,5831533
20200217,10351033,4572985,5778049
20200214,10294979,4568265,5726714
20200213,10231273,4557718,5673554
20200212,10182059,4553515,5628544
20200211,10085083,4505514,5579569
20200210,9941121,4433371,5507750
20200207,9941547,4476895,5464652
20200206,9853155,4427494,5425662
20200205,9818154,4407226,5410928
20200204,9914933,4420757,5494175
20200203,10038047,4456013,5582034
20200131,10080631,4478932,5601700
20200130,10106988,4491672,5615316
20200129,10092624,4453538,5639085
20200128,10019726,4414481,5605245
20200123,9999563,4398996,5600568
20200122,9950474,4394250,5556224
20200121,9892463,4390841,5501622
20200120,9879240,4379350,5499890
20200117,9773968,4317402,5456566
20200116,9695465,4277367,5418098
20200115,9644538,4262453,5382085
20200114,9543165,4228913,5314252
20200113,9459644,4194931,5264712
20200110,9493450,4201428,5292021
20200109,9532312,4202096,5330216
20200108,9531604,4211678,5319927
20200107,9479197,4191505,5287692
20200106,9376932,4162646,5214286
20200103,9231595,4080601,5150994
20200102,9207175,4061820,5145354
